[
    {
        "box": true, 
        "vehicle": "ELECTRIC_SCOOTER", 
        "location": {
            "lat": 41.39087699632735, 
            "lon": 2.1784116992018028
        }, 
        "id": "courier-faa2186e65f2", 
        "name": "Esteban Golson"
    }, 
    {
        "box": false, 
        "vehicle": "BICYCLE", 
        "location": {
            "lat": 41.38572707769643, 
            "lon": 2.1611940451935747
        }, 
        "id": "courier-7e1552836a04", 
        "name": "Haley Louden"
    }, 
    {
        "box": true, 
        "vehicle": "MOTORCYCLE", 
        "location": {
            "lat": 41.40677037859796, 
            "lon": 2.167246756794869
        }, 
        "id": "courier-d190ca23f070", 
        "name": "Jeannine Buelow"
    }, 
    {
        "box": true, 
        "vehicle": "MOTORCYCLE", 
        "location": {
            "lat": 41.405536955908154, 
            "lon": 2.1811978376726726
        }, 
        "id": "courier-85cceee5d46e", 
        "name": "Vicki Hume"
    }, 
    {
        "box": true, 
        "vehicle": "ELECTRIC_SCOOTER", 
        "location": {
            "lat": 41.37654789805553, 
            "lon": 2.187245413661272
        }, 
        "id": "courier-88d35390a797", 
        "name": "Nicolasa Louden"
    }, 
    {
        "box": true, 
        "vehicle": "MOTORCYCLE", 
        "location": {
            "lat": 41.37734679973621, 
            "lon": 2.163016728553536
        }, 
        "id": "courier-6edab0726c86", 
        "name": "Daron Otoole"
    }, 
    {
        "box": false, 
        "vehicle": "BICYCLE", 
        "location": {
            "lat": 41.38005925397267, 
            "lon": 2.16826435705024
        }, 
        "id": "courier-885bcb0620a2", 
        "name": "Elza Mike"
    }, 
    {
        "box": true, 
        "vehicle": "BICYCLE", 
        "location": {
            "lat": 41.389124526959925, 
            "lon": 2.1815506849651904
        }, 
        "id": "courier-6c583a849f4c", 
        "name": "Britney Scheffel"
    }, 
    {
        "box": true, 
        "vehicle": "BICYCLE", 
        "location": {
            "lat": 41.39755947273146, 
            "lon": 2.1712147834989515
        }, 
        "id": "courier-f632e38c8df0", 
        "name": "Audie Frizell"
    }, 
    {
        "box": false, 
        "vehicle": "ELECTRIC_SCOOTER", 
        "location": {
            "lat": 41.39160009159296, 
            "lon": 2.181437077867312
        }, 
        "id": "courier-d2215386ab3b", 
        "name": "Valorie Swasey"
    }, 
    {
        "box": true, 
        "vehicle": "BICYCLE", 
        "location": {
            "lat": 41.39650123495229, 
            "lon": 2.1770072803032265
        }, 
        "id": "courier-f9626de448fd", 
        "name": "Tiny Andre"
    }, 
    {
        "box": false, 
        "vehicle": "BICYCLE", 
        "location": {
            "lat": 41.40704669794613, 
            "lon": 2.1756697686686985
        }, 
        "id": "courier-e996a3a5bab6", 
        "name": "Dante Swasey"
    }, 
    {
        "box": true, 
        "vehicle": "BICYCLE", 
        "location": {
            "lat": 41.39975827283665, 
            "lon": 2.1696156931369726
        }, 
        "id": "courier-53a362f96824", 
        "name": "Simona Enochs"
    }, 
    {
        "box": true, 
        "vehicle": "ELECTRIC_SCOOTER", 
        "location": {
            "lat": 41.39037987019514, 
            "lon": 2.1650442914940724
        }, 
        "id": "courier-c7ac8e2e3bca", 
        "name": "Dante Fu"
    }, 
    {
        "box": true, 
        "vehicle": "BICYCLE", 
        "location": {
            "lat": 41.40573749603082, 
            "lon": 2.163902022932392
        }, 
        "id": "courier-9deac8a14c58", 
        "name": "Aurora Louden"
    }, 
    {
        "box": true, 
        "vehicle": "MOTORCYCLE", 
        "location": {
            "lat": 41.398377920498, 
            "lon": 2.1610864810658437
        }, 
        "id": "courier-2c9b954a95fa", 
        "name": "Tashina Kofoed"
    }, 
    {
        "box": true, 
        "vehicle": "MOTORCYCLE", 
        "location": {
            "lat": 41.401678132888165, 
            "lon": 2.1875663046103804
        }, 
        "id": "courier-5cd044564e46", 
        "name": "Vicki Ohl"
    }, 
    {
        "box": true, 
        "vehicle": "ELECTRIC_SCOOTER", 
        "location": {
            "lat": 41.37984505211841, 
            "lon": 2.1620734394718464
        }, 
        "id": "courier-ce556fdac553", 
        "name": "Annette Kleiber"
    }, 
    {
        "box": false, 
        "vehicle": "ELECTRIC_SCOOTER", 
        "location": {
            "lat": 41.381947366831156, 
            "lon": 2.1698047298708762
        }, 
        "id": "courier-66c20fd325e5", 
        "name": "Staci Lovely"
    }, 
    {
        "box": false, 
        "vehicle": "ELECTRIC_SCOOTER", 
        "location": {
            "lat": 41.39886382817165, 
            "lon": 2.182777790136631
        }, 
        "id": "courier-112f6d7bef88", 
        "name": "Christena Allbright"
    }
]