[{
    "description": "2x Pizza with Fries",
    "food": false,
    "vip": false,
    "delivery": {
      "lat": 41.38883091953211,
      "lon": 2.165498064910881
    },
    "pickup": {
      "lat": 41.40440729233118,
      "lon": 2.1780786691277085
    },
    "id": "order-d22b76a4cddc"
  },
  {
    "description": "1x Tuna poke with Fries\n1x Kebab with Fries\n1x Pizza with Salad\n1x Hot dog with Salad",
    "food": true,
    "vip": false,
    "delivery": {
      "lat": 41.38682466438664,
      "lon": 2.1702260386271477
    },
    "pickup": {
      "lat": 41.38790681247524,
      "lon": 2.1661962085744095
    },
    "id": "order-8eb9a38c63dd"
  },
  {
    "description": "1x Pizza with Fries",
    "food": false,
    "vip": false,
    "delivery": {
      "lat": 41.38682696127335,
      "lon": 2.1687958266037017
    },
    "pickup": {
      "lat": 41.40504741338881,
      "lon": 2.1727005988333596
    },
    "id": "order-cbcccfc2ed3b"
  },
  {
    "description": "1x Pizza with Salad\n1x Tuna poke with Fries\n1x Pork bao with Fries\n1x Pork bao with Fries",
    "food": false,
    "vip": false,
    "delivery": {
      "lat": 41.379889245989865,
      "lon": 2.178307228649826
    },
    "pickup": {
      "lat": 41.393457055153675,
      "lon": 2.1873072382450744
    },
    "id": "order-1fccf2b16e66"
  },
  {
    "description": "2x Tuna poke with Salad\n1x Hot dog with Fries\n2x Hot dog with Salad",
    "food": true,
    "vip": false,
    "delivery": {
      "lat": 41.40643053036008,
      "lon": 2.1686480252396
    },
    "pickup": {
      "lat": 41.40732297416662,
      "lon": 2.1764821793089455
    },
    "id": "order-322919652412"
  },
  {
    "description": "2x Kebab with Salad",
    "food": true,
    "vip": false,
    "delivery": {
      "lat": 41.40369827027366,
      "lon": 2.1627668619339278
    },
    "pickup": {
      "lat": 41.38807926046262,
      "lon": 2.1839512286521576
    },
    "id": "order-dee3addf1c55"
  },
  {
    "description": "Envelope",
    "food": false,
    "vip": false,
    "delivery": {
      "lat": 41.40316785323731,
      "lon": 2.1698626471122946
    },
    "pickup": {
      "lat": 41.38831500553736,
      "lon": 2.1692481331523386
    },
    "id": "order-774db1d24a29"
  },
  {
    "description": "2x Kebab with Salad",
    "food": true,
    "vip": false,
    "delivery": {
      "lat": 41.40147420796175,
      "lon": 2.1814949595367445
    },
    "pickup": {
      "lat": 41.376240370620444,
      "lon": 2.1737334146979794
    },
    "id": "order-aca416093203"
  },
  {
    "description": "1x Pork bao with Fries",
    "food": true,
    "vip": false,
    "delivery": {
      "lat": 41.381277561367334,
      "lon": 2.178400103765411
    },
    "pickup": {
      "lat": 41.406190679942476,
      "lon": 2.1757945755932546
    },
    "id": "order-8aae86f391df"
  },
  {
    "description": "Keys",
    "food": false,
    "vip": false,
    "delivery": {
      "lat": 41.397470952265415,
      "lon": 2.1753207964537853
    },
    "pickup": {
      "lat": 41.37597521847954,
      "lon": 2.17748168103529
    },
    "id": "order-577dfb162503"
  },
  {
    "description": "1x Burger with Fries\n1x Hot dog with Fries",
    "food": true,
    "vip": false,
    "delivery": {
      "lat": 41.40252077624724,
      "lon": 2.1794949890773223
    },
    "pickup": {
      "lat": 41.392418364002395,
      "lon": 2.163670297009772
    },
    "id": "order-92c2b708975c"
  },
  {
    "description": "Keys",
    "food": true,
    "vip": false,
    "delivery": {
      "lat": 41.388810780824585,
      "lon": 2.1656925631546686
    },
    "pickup": {
      "lat": 41.38269188088502,
      "lon": 2.1696773417048036
    },
    "id": "order-da5bb5e3a09c"
  },
  {
    "description": "2x Hot dog with Fries\n1x Tuna poke with Salad",
    "food": true,
    "vip": false,
    "delivery": {
      "lat": 41.40305634880082,
      "lon": 2.1786424651251104
    },
    "pickup": {
      "lat": 41.376290314874936,
      "lon": 2.184744558933753
    },
    "id": "order-ce5702a23d95"
  },
  {
    "description": "1x Pizza with Fries\n2x Burger with Fries\nCheesecake",
    "food": true,
    "vip": false,
    "delivery": {
      "lat": 41.40584910830498,
      "lon": 2.162385063208394
    },
    "pickup": {
      "lat": 41.40393834723488,
      "lon": 2.1627207043015018
    },
    "id": "order-551ca8b94dd4"
  },
  {
    "description": "1x Burger with Salad",
    "food": true,
    "vip": true,
    "delivery": {
      "lat": 41.39876886201351,
      "lon": 2.1639504864212147
    },
    "pickup": {
      "lat": 41.387314074904765,
      "lon": 2.170604438066421
    },
    "id": "order-19f862e14ae0"
  },
  {
    "description": "1x Pizza with Salad\n2x Burger with Fries",
    "food": true,
    "vip": false,
    "delivery": {
      "lat": 41.38183825312669,
      "lon": 2.1698765291829427
    },
    "pickup": {
      "lat": 41.397554818949345,
      "lon": 2.1640855648379262
    },
    "id": "order-8c271ac7116a"
  },
  {
    "description": "2x Hot dog with Salad\n1x Burger with Fries\n1x Tuna poke with Fries\n2x Pork bao with Fries",
    "food": false,
    "vip": false,
    "delivery": {
      "lat": 41.40391924122571,
      "lon": 2.1772300459332614
    },
    "pickup": {
      "lat": 41.38708026547135,
      "lon": 2.1674480678929138
    },
    "id": "order-2caca9769122"
  },
  {
    "description": "1x Tuna poke with Fries\n2x Burger with Salad",
    "food": false,
    "vip": false,
    "delivery": {
      "lat": 41.38814508730626,
      "lon": 2.1830450531519694
    },
    "pickup": {
      "lat": 41.3893491544701,
      "lon": 2.17839618477298
    },
    "id": "order-50800b932298"
  },
  {
    "description": "2x Tuna poke with Salad",
    "food": true,
    "vip": false,
    "delivery": {
      "lat": 41.37748794459405,
      "lon": 2.1698522812944567
    },
    "pickup": {
      "lat": 41.40057190596513,
      "lon": 2.168659069050562
    },
    "id": "order-c1d99572a783"
  },
  {
    "description": "1x Burger with Fries\n1x Kebab with Fries\n2x Hot dog with Fries",
    "food": true,
    "vip": false,
    "delivery": {
      "lat": 41.38633269303923,
      "lon": 2.175823976710865
    },
    "pickup": {
      "lat": 41.39010086472683,
      "lon": 2.173028667631857
    },
    "id": "order-bfa3d13dcb85"
  },
  {
    "description": "Keys",
    "food": true,
    "vip": false,
    "delivery": {
      "lat": 41.40481070052986,
      "lon": 2.174550073093567
    },
    "pickup": {
      "lat": 41.38487739165542,
      "lon": 2.181197030179494
    },
    "id": "order-5f04213c6a19"
  },
  {
    "description": "2x Burger with Salad\n1x Pork bao with Fries",
    "food": true,
    "vip": false,
    "delivery": {
      "lat": 41.40163876916607,
      "lon": 2.162772872407138
    },
    "pickup": {
      "lat": 41.38154392072719,
      "lon": 2.1827377557278185
    },
    "id": "order-5fc9d1957321"
  },
  {
    "description": "2x Pork bao with Fries\n2x Kebab with Fries\n2x Tuna poke with Salad\n1x Pork bao with Fries",
    "food": true,
    "vip": false,
    "delivery": {
      "lat": 41.40312040181046,
      "lon": 2.1786317666793686
    },
    "pickup": {
      "lat": 41.39922135238324,
      "lon": 2.182847466687484
    },
    "id": "order-35ae9cf0d5ee"
  },
  {
    "description": "An adult flamingo",
    "food": true,
    "vip": true,
    "delivery": {
      "lat": 41.390386700874885,
      "lon": 2.1786204586094193
    },
    "pickup": {
      "lat": 41.38885405136811,
      "lon": 2.164800933076391
    },
    "id": "order-4ce847382094"
  },
  {
    "description": "1x Pizza with Salad\n1x Pork bao with Salad\n2x Tuna poke with Salad",
    "food": false,
    "vip": false,
    "delivery": {
      "lat": 41.40167669078777,
      "lon": 2.1813616201646178
    },
    "pickup": {
      "lat": 41.383284018367625,
      "lon": 2.187121381114054
    },
    "id": "order-369d7a2f2ca0"
  },
  {
    "description": "Keys",
    "food": false,
    "vip": false,
    "delivery": {
      "lat": 41.38812590393449,
      "lon": 2.162698563161346
    },
    "pickup": {
      "lat": 41.395095382219026,
      "lon": 2.176348250825962
    },
    "id": "order-d21313203b8c"
  },
  {
    "description": "1x Pizza with Fries",
    "food": true,
    "vip": true,
    "delivery": {
      "lat": 41.38333814358241,
      "lon": 2.1851196476884964
    },
    "pickup": {
      "lat": 41.38584206357778,
      "lon": 2.1667597138169112
    },
    "id": "order-e4361b1c6194"
  },
  {
    "description": "1x Burger with Fries",
    "food": true,
    "vip": false,
    "delivery": {
      "lat": 41.38767052369123,
      "lon": 2.1856781597286505
    },
    "pickup": {
      "lat": 41.37970456820218,
      "lon": 2.1692977369052695
    },
    "id": "order-cdaf6ee3bed8"
  },
  {
    "description": "Keys",
    "food": true,
    "vip": false,
    "delivery": {
      "lat": 41.39182998958541,
      "lon": 2.166138724927583
    },
    "pickup": {
      "lat": 41.3845389182902,
      "lon": 2.177684386681868
    },
    "id": "order-0db5a56208bb"
  },
  {
    "description": "2x Kebab with Fries",
    "food": true,
    "vip": false,
    "delivery": {
      "lat": 41.39324790789008,
      "lon": 2.1738779590247312
    },
    "pickup": {
      "lat": 41.392889274960226,
      "lon": 2.1676138486148195
    },
    "id": "order-e7dafc391e9a"
  },
  {
    "description": "1x Burger with Salad\n2x Tuna poke with Salad\n2x Kebab with Fries\nCheesecake",
    "food": true,
    "vip": false,
    "delivery": {
      "lat": 41.3978955480556,
      "lon": 2.1712699775547435
    },
    "pickup": {
      "lat": 41.389625248158985,
      "lon": 2.1856707024268442
    },
    "id": "order-aa1a12ca60a3"
  },
  {
    "description": "2x Burger with Fries\n1x Burger with Fries\n2x Kebab with Salad",
    "food": true,
    "vip": false,
    "delivery": {
      "lat": 41.4043704453392,
      "lon": 2.1849609870501383
    },
    "pickup": {
      "lat": 41.378414675479426,
      "lon": 2.180782725574193
    },
    "id": "order-5c0cd9b42ea4"
  },
  {
    "description": "2x Burger with Fries\nChocolate cake",
    "food": true,
    "vip": false,
    "delivery": {
      "lat": 41.403543594722336,
      "lon": 2.184410496420706
    },
    "pickup": {
      "lat": 41.394157832150135,
      "lon": 2.1868031773938847
    },
    "id": "order-f9c99379e26c"
  },
  {
    "description": "1x Pizza with Fries",
    "food": true,
    "vip": false,
    "delivery": {
      "lat": 41.38688410414253,
      "lon": 2.1762061184652706
    },
    "pickup": {
      "lat": 41.37642414276448,
      "lon": 2.1631760661648345
    },
    "id": "order-4ee0fa18b25e"
  },
  {
    "description": "2x Hot dog with Salad\n2x Kebab with Salad",
    "food": false,
    "vip": false,
    "delivery": {
      "lat": 41.397650227122675,
      "lon": 2.1727814539219903
    },
    "pickup": {
      "lat": 41.383132903539334,
      "lon": 2.176835877590732
    },
    "id": "order-babc400ad5ee"
  },
  {
    "description": "2x Hot dog with Salad\n1x Pork bao with Fries",
    "food": false,
    "vip": false,
    "delivery": {
      "lat": 41.39097817987038,
      "lon": 2.1680042505027974
    },
    "pickup": {
      "lat": 41.40399682111192,
      "lon": 2.164742475922672
    },
    "id": "order-0ed78d5277c3"
  },
  {
    "description": "2x Kebab with Fries\n1x Hot dog with Salad\n2x Kebab with Fries\n2x Burger with Fries",
    "food": true,
    "vip": false,
    "delivery": {
      "lat": 41.399783419097275,
      "lon": 2.168439920499305
    },
    "pickup": {
      "lat": 41.377538030961226,
      "lon": 2.1831237919528053
    },
    "id": "order-cedf8a2886fc"
  },
  {
    "description": "1x Hot dog with Fries\n2x Burger with Fries\n2x Hot dog with Fries",
    "food": true,
    "vip": false,
    "delivery": {
      "lat": 41.3971434500268,
      "lon": 2.174221970223885
    },
    "pickup": {
      "lat": 41.3961142292775,
      "lon": 2.187384931189965
    },
    "id": "order-b3bcf812aebe"
  },
  {
    "description": "Keys",
    "food": true,
    "vip": false,
    "delivery": {
      "lat": 41.4053337631635,
      "lon": 2.186228773250824
    },
    "pickup": {
      "lat": 41.39793721728231,
      "lon": 2.178091701223231
    },
    "id": "order-73765e6b161f"
  },
  {
    "description": "1x Burger with Fries\n1x Hot dog with Fries\n1x Kebab with Fries\n1x Hot dog with Salad",
    "food": true,
    "vip": false,
    "delivery": {
      "lat": 41.39822295852374,
      "lon": 2.1733665787097864
    },
    "pickup": {
      "lat": 41.39165543635273,
      "lon": 2.1857822306501253
    },
    "id": "order-ce78ec8a0c51"
  },
  {
    "description": "1x Pizza with Salad\n1x Hot dog with Fries\n1x Pizza with Fries\nChocolate cake",
    "food": true,
    "vip": false,
    "delivery": {
      "lat": 41.39636332606667,
      "lon": 2.1668501687171453
    },
    "pickup": {
      "lat": 41.38449375225161,
      "lon": 2.1745948403728255
    },
    "id": "order-b008b4cef14b"
  },
  {
    "description": "Keys",
    "food": true,
    "vip": false,
    "delivery": {
      "lat": 41.40079758788025,
      "lon": 2.1694627722267117
    },
    "pickup": {
      "lat": 41.378146797203584,
      "lon": 2.1668908527391872
    },
    "id": "order-65a3e52e98e2"
  },
  {
    "description": "2x Tuna poke with Salad\n2x Pizza with Salad",
    "food": true,
    "vip": false,
    "delivery": {
      "lat": 41.3934920727456,
      "lon": 2.176488059024252
    },
    "pickup": {
      "lat": 41.37597340772055,
      "lon": 2.165955442661067
    },
    "id": "order-287515722c01"
  },
  {
    "description": "1x Pork bao with Fries\n1x Pork bao with Fries",
    "food": false,
    "vip": false,
    "delivery": {
      "lat": 41.38583242925578,
      "lon": 2.1829555328549537
    },
    "pickup": {
      "lat": 41.38390582253182,
      "lon": 2.166062355858019
    },
    "id": "order-9f53e6470d9e"
  },
  {
    "description": "1x Burger with Fries\n2x Pizza with Fries\n2x Pork bao with Salad\n1x Pizza with Fries",
    "food": true,
    "vip": true,
    "delivery": {
      "lat": 41.40166013725328,
      "lon": 2.169618425487934
    },
    "pickup": {
      "lat": 41.38923880370112,
      "lon": 2.182081178423407
    },
    "id": "order-9f737450c86f"
  },
  {
    "description": "1x Burger with Fries\n1x Tuna poke with Fries\n1x Pork bao with Fries\n2x Hot dog with Salad\nChocolate cake",
    "food": false,
    "vip": false,
    "delivery": {
      "lat": 41.39776973876547,
      "lon": 2.162389857891343
    },
    "pickup": {
      "lat": 41.37641944150109,
      "lon": 2.1684157405290954
    },
    "id": "order-b8de00d230be"
  },
  {
    "description": "2x Tuna poke with Salad\n1x Hot dog with Fries",
    "food": true,
    "vip": false,
    "delivery": {
      "lat": 41.40600326400533,
      "lon": 2.165501560116604
    },
    "pickup": {
      "lat": 41.39172194090146,
      "lon": 2.1749252450255807
    },
    "id": "order-9ecb16e561d1"
  },
  {
    "description": "1x Pork bao with Fries\n1x Hot dog with Fries\n1x Hot dog with Fries\n2x Pork bao with Salad",
    "food": true,
    "vip": false,
    "delivery": {
      "lat": 41.392902959180084,
      "lon": 2.187817192849033
    },
    "pickup": {
      "lat": 41.40513687242854,
      "lon": 2.1837018578051626
    },
    "id": "order-b4ad881f9118"
  },
  {
    "description": "1x Hot dog with Salad\n2x Tuna poke with Salad\n2x Pork bao with Salad\n2x Kebab with Fries",
    "food": true,
    "vip": false,
    "delivery": {
      "lat": 41.381458680021716,
      "lon": 2.1671285337544313
    },
    "pickup": {
      "lat": 41.40442706798667,
      "lon": 2.161951583419534
    },
    "id": "order-2f184cda25be"
  },
  {
    "description": "2x Hot dog with Salad\n1x Tuna poke with Salad\n2x Pork bao with Fries",
    "food": true,
    "vip": false,
    "delivery": {
      "lat": 41.38941966965543,
      "lon": 2.18629239261247
    },
    "pickup": {
      "lat": 41.38250252757487,
      "lon": 2.171692496027613
    },
    "id": "order-45e137b7b33d"
  },
  {
    "description": "1x Hot dog with Fries",
    "food": true,
    "vip": false,
    "delivery": {
      "lat": 41.40674291482485,
      "lon": 2.1613876891739197
    },
    "pickup": {
      "lat": 41.406075033209035,
      "lon": 2.1636482733636564
    },
    "id": "order-f44762e8eb0d"
  },
  {
    "description": "2x Pork bao with Fries",
    "food": true,
    "vip": false,
    "delivery": {
      "lat": 41.403412515222556,
      "lon": 2.1684090130173503
    },
    "pickup": {
      "lat": 41.406110351671174,
      "lon": 2.1764000071770946
    },
    "id": "order-bac0ba295e31"
  },
  {
    "description": "2x Hot dog with Salad\n1x Kebab with Fries\n2x Hot dog with Fries",
    "food": true,
    "vip": false,
    "delivery": {
      "lat": 41.38001656698534,
      "lon": 2.164745892614312
    },
    "pickup": {
      "lat": 41.38093367436095,
      "lon": 2.173140707948542
    },
    "id": "order-a5bf78cf114e"
  },
  {
    "description": "2x Kebab with Salad\n1x Burger with Fries\n2x Hot dog with Salad",
    "food": false,
    "vip": false,
    "delivery": {
      "lat": 41.39067390349294,
      "lon": 2.1661826731817735
    },
    "pickup": {
      "lat": 41.37879454643381,
      "lon": 2.164509829158904
    },
    "id": "order-a53231753ad7"
  },
  {
    "description": "Keys",
    "food": false,
    "vip": false,
    "delivery": {
      "lat": 41.384418302192636,
      "lon": 2.1814445833166487
    },
    "pickup": {
      "lat": 41.387683092628365,
      "lon": 2.174013922215682
    },
    "id": "order-29510b2af039"
  },
  {
    "description": "1x Tuna poke with Salad\n1x Pizza with Fries",
    "food": false,
    "vip": false,
    "delivery": {
      "lat": 41.394739915849556,
      "lon": 2.164067531434642
    },
    "pickup": {
      "lat": 41.38715287884343,
      "lon": 2.1672129689472213
    },
    "id": "order-cf61ac1301e9"
  },
  {
    "description": "Envelope",
    "food": true,
    "vip": true,
    "delivery": {
      "lat": 41.38368639845396,
      "lon": 2.167711445725376
    },
    "pickup": {
      "lat": 41.39771344020253,
      "lon": 2.1730913522124435
    },
    "id": "order-00871048b0b4"
  },
  {
    "description": "2x Hot dog with Fries\n1x Hot dog with Fries",
    "food": true,
    "vip": false,
    "delivery": {
      "lat": 41.39783387640742,
      "lon": 2.183105125279826
    },
    "pickup": {
      "lat": 41.406454888625426,
      "lon": 2.168422258922045
    },
    "id": "order-f1702f7366c3"
  },
  {
    "description": "1x Kebab with Fries\n1x Tuna poke with Fries\n1x Hot dog with Salad",
    "food": true,
    "vip": false,
    "delivery": {
      "lat": 41.40072487168225,
      "lon": 2.1651771870106042
    },
    "pickup": {
      "lat": 41.39891150412293,
      "lon": 2.171856789335372
    },
    "id": "order-861a74872b00"
  },
  {
    "description": "1x Hot dog with Salad\n1x Burger with Salad\n1x Pizza with Salad",
    "food": true,
    "vip": false,
    "delivery": {
      "lat": 41.383777096792016,
      "lon": 2.1855144901959624
    },
    "pickup": {
      "lat": 41.37744540937284,
      "lon": 2.177601927168699
    },
    "id": "order-86adbccce974"
  },
  {
    "description": "1x Tuna poke with Fries\n1x Burger with Salad\n2x Pork bao with Fries",
    "food": true,
    "vip": false,
    "delivery": {
      "lat": 41.387757298570726,
      "lon": 2.174036065322173
    },
    "pickup": {
      "lat": 41.3927649823258,
      "lon": 2.1609541486025843
    },
    "id": "order-100e482c518a"
  },
  {
    "description": "Envelope",
    "food": true,
    "vip": false,
    "delivery": {
      "lat": 41.38133467531576,
      "lon": 2.185621546146139
    },
    "pickup": {
      "lat": 41.382615344755514,
      "lon": 2.187706735854905
    },
    "id": "order-eb69a1ec6a3d"
  },
  {
    "description": "1x Burger with Salad\n1x Pork bao with Salad\n1x Tuna poke with Salad\n1x Hot dog with Fries",
    "food": true,
    "vip": false,
    "delivery": {
      "lat": 41.40155748722945,
      "lon": 2.164012506665381
    },
    "pickup": {
      "lat": 41.38597549928735,
      "lon": 2.161891156927141
    },
    "id": "order-30c81ebac4c5"
  },
  {
    "description": "1x Burger with Fries\n2x Kebab with Salad\n2x Pork bao with Salad\n2x Kebab with Salad",
    "food": true,
    "vip": false,
    "delivery": {
      "lat": 41.38913471917432,
      "lon": 2.1646793772006285
    },
    "pickup": {
      "lat": 41.40380842560184,
      "lon": 2.1838796274539503
    },
    "id": "order-c6b6359a87eb"
  },
  {
    "description": "Envelope",
    "food": false,
    "vip": false,
    "delivery": {
      "lat": 41.39821579522448,
      "lon": 2.1860462807496317
    },
    "pickup": {
      "lat": 41.404738814504114,
      "lon": 2.1724303879120015
    },
    "id": "order-83bfc6d68fce"
  },
  {
    "description": "2x Hot dog with Salad\n2x Hot dog with Fries\n1x Pizza with Salad",
    "food": false,
    "vip": false,
    "delivery": {
      "lat": 41.40303754022592,
      "lon": 2.18151334178865
    },
    "pickup": {
      "lat": 41.3774273428396,
      "lon": 2.174549859306898
    },
    "id": "order-dc84fe631325"
  },
  {
    "description": "1x Pork bao with Fries\n1x Burger with Salad\n2x Hot dog with Salad\n1x Pizza with Fries",
    "food": false,
    "vip": false,
    "delivery": {
      "lat": 41.39749915895957,
      "lon": 2.177578814631927
    },
    "pickup": {
      "lat": 41.39517458249285,
      "lon": 2.161372421704739
    },
    "id": "order-055f6a5de528"
  },
  {
    "description": "1x Pork bao with Fries",
    "food": true,
    "vip": false,
    "delivery": {
      "lat": 41.37888510474083,
      "lon": 2.1614569102496213
    },
    "pickup": {
      "lat": 41.391852228611064,
      "lon": 2.165786663852401
    },
    "id": "order-2495909ffca4"
  },
  {
    "description": "2x Pizza with Salad\n2x Tuna poke with Salad\n2x Pork bao with Salad",
    "food": true,
    "vip": false,
    "delivery": {
      "lat": 41.404100355983154,
      "lon": 2.16935168894871
    },
    "pickup": {
      "lat": 41.38121186276874,
      "lon": 2.1860398836087263
    },
    "id": "order-43b7f090f1fc"
  },
  {
    "description": "1x Hot dog with Fries\n1x Hot dog with Salad\n2x Hot dog with Fries\n2x Hot dog with Fries",
    "food": true,
    "vip": false,
    "delivery": {
      "lat": 41.37997949710529,
      "lon": 2.1837244563067575
    },
    "pickup": {
      "lat": 41.38627752477425,
      "lon": 2.1675889005649633
    },
    "id": "order-963e849e79b4"
  },
  {
    "description": "2x Pork bao with Salad\n1x Hot dog with Salad",
    "food": true,
    "vip": false,
    "delivery": {
      "lat": 41.393561749317435,
      "lon": 2.187553957002501
    },
    "pickup": {
      "lat": 41.40085970820687,
      "lon": 2.181300472016815
    },
    "id": "order-80bce95470d3"
  },
  {
    "description": "1x Pizza with Fries\n2x Hot dog with Fries",
    "food": true,
    "vip": true,
    "delivery": {
      "lat": 41.39387906483645,
      "lon": 2.1742520849966174
    },
    "pickup": {
      "lat": 41.39134850764421,
      "lon": 2.1709916538136658
    },
    "id": "order-6e4aef8992a9"
  },
  {
    "description": "Envelope",
    "food": true,
    "vip": false,
    "delivery": {
      "lat": 41.40368602572946,
      "lon": 2.163547813891911
    },
    "pickup": {
      "lat": 41.399151424771986,
      "lon": 2.1791621392302916
    },
    "id": "order-48151535842d"
  },
  {
    "description": "An adult flamingo",
    "food": true,
    "vip": false,
    "delivery": {
      "lat": 41.398055113503034,
      "lon": 2.1692755830662267
    },
    "pickup": {
      "lat": 41.407134328218106,
      "lon": 2.176974693294073
    },
    "id": "order-c5627e1dcea8"
  },
  {
    "description": "1x Hot dog with Fries",
    "food": true,
    "vip": true,
    "delivery": {
      "lat": 41.38674400469712,
      "lon": 2.1703181250736066
    },
    "pickup": {
      "lat": 41.38167379906084,
      "lon": 2.168236173254168
    },
    "id": "order-ad6408f60eb9"
  },
  {
    "description": "2x Burger with Salad\n2x Kebab with Fries\n2x Hot dog with Fries\n1x Pork bao with Fries",
    "food": false,
    "vip": false,
    "delivery": {
      "lat": 41.37679035218139,
      "lon": 2.167374930665587
    },
    "pickup": {
      "lat": 41.398467830379,
      "lon": 2.1815956390883935
    },
    "id": "order-364bf35ffcdc"
  },
  {
    "description": "1x Tuna poke with Salad\n1x Burger with Salad\n2x Hot dog with Fries\n1x Kebab with Fries",
    "food": true,
    "vip": false,
    "delivery": {
      "lat": 41.397683997214635,
      "lon": 2.165035770122117
    },
    "pickup": {
      "lat": 41.39266470834931,
      "lon": 2.163220222469248
    },
    "id": "order-bd169eae5a81"
  },
  {
    "description": "Envelope",
    "food": true,
    "vip": false,
    "delivery": {
      "lat": 41.405907721417776,
      "lon": 2.1656372671275657
    },
    "pickup": {
      "lat": 41.38055477035787,
      "lon": 2.161956743406727
    },
    "id": "order-e7ce7736c813"
  },
  {
    "description": "2x Pizza with Fries\n1x Pizza with Salad\n1x Tuna poke with Fries",
    "food": true,
    "vip": false,
    "delivery": {
      "lat": 41.399855304486564,
      "lon": 2.1617962756614126
    },
    "pickup": {
      "lat": 41.37661356630872,
      "lon": 2.1610210993168244
    },
    "id": "order-48f75bc74c5c"
  },
  {
    "description": "1x Pizza with Fries\n2x Kebab with Fries\n2x Hot dog with Fries",
    "food": true,
    "vip": false,
    "delivery": {
      "lat": 41.39457839714458,
      "lon": 2.1741555339308682
    },
    "pickup": {
      "lat": 41.38667290868889,
      "lon": 2.1697274841289347
    },
    "id": "order-cee4923cacc8"
  },
  {
    "description": "2x Hot dog with Fries\n1x Hot dog with Salad\n1x Hot dog with Fries\n2x Pork bao with Salad",
    "food": true,
    "vip": false,
    "delivery": {
      "lat": 41.39740048253952,
      "lon": 2.163317398926759
    },
    "pickup": {
      "lat": 41.396542515904066,
      "lon": 2.1663821150543585
    },
    "id": "order-21fa7ee99624"
  },
  {
    "description": "1x Kebab with Salad\n1x Tuna poke with Fries\n1x Burger with Fries\n1x Hot dog with Fries",
    "food": true,
    "vip": false,
    "delivery": {
      "lat": 41.379211569864175,
      "lon": 2.1802758944697747
    },
    "pickup": {
      "lat": 41.40578732875532,
      "lon": 2.163362175699007
    },
    "id": "order-de277d3cfe64"
  },
  {
    "description": "2x Kebab with Salad",
    "food": false,
    "vip": false,
    "delivery": {
      "lat": 41.39135884908623,
      "lon": 2.180783963265309
    },
    "pickup": {
      "lat": 41.40737383862929,
      "lon": 2.172389045082973
    },
    "id": "order-e245efb07ace"
  },
  {
    "description": "Small box delivery",
    "food": false,
    "vip": false,
    "delivery": {
      "lat": 41.37693481409745,
      "lon": 2.1643991648929655
    },
    "pickup": {
      "lat": 41.37624600595696,
      "lon": 2.173374824478359
    },
    "id": "order-01ba47db11df"
  },
  {
    "description": "2x Pizza with Fries\n1x Hot dog with Fries\n2x Hot dog with Fries\n1x Hot dog with Fries",
    "food": true,
    "vip": false,
    "delivery": {
      "lat": 41.38559840054907,
      "lon": 2.1813393854927394
    },
    "pickup": {
      "lat": 41.40178509876947,
      "lon": 2.1781246239462293
    },
    "id": "order-48e38c2a3b3a"
  },
  {
    "description": "Small box delivery",
    "food": true,
    "vip": false,
    "delivery": {
      "lat": 41.39663071625368,
      "lon": 2.1740654318963935
    },
    "pickup": {
      "lat": 41.40450512886377,
      "lon": 2.186455040601124
    },
    "id": "order-f43c63e85516"
  },
  {
    "description": "1x Hot dog with Salad\n1x Kebab with Fries\n1x Kebab with Fries\n1x Pizza with Fries",
    "food": false,
    "vip": false,
    "delivery": {
      "lat": 41.395144300723345,
      "lon": 2.174588635106933
    },
    "pickup": {
      "lat": 41.397767618289464,
      "lon": 2.185617790547242
    },
    "id": "order-1c12d3cdfcc1"
  },
  {
    "description": "1x Burger with Fries\n1x Tuna poke with Salad",
    "food": true,
    "vip": false,
    "delivery": {
      "lat": 41.38858958556162,
      "lon": 2.1774844323399942
    },
    "pickup": {
      "lat": 41.396537429745926,
      "lon": 2.1667085282096012
    },
    "id": "order-82328f3210d0"
  },
  {
    "description": "2x Tuna poke with Fries\n1x Pizza with Fries\n2x Kebab with Salad",
    "food": true,
    "vip": false,
    "delivery": {
      "lat": 41.3929930423889,
      "lon": 2.184673974488668
    },
    "pickup": {
      "lat": 41.40673566113539,
      "lon": 2.1611539708026806
    },
    "id": "order-b35c10752cf6"
  },
  {
    "description": "2x Kebab with Fries\n2x Hot dog with Fries\n2x Hot dog with Fries",
    "food": false,
    "vip": false,
    "delivery": {
      "lat": 41.37616193678152,
      "lon": 2.1615498075150312
    },
    "pickup": {
      "lat": 41.39093726928402,
      "lon": 2.1769222146133598
    },
    "id": "order-be5e17fdbe61"
  },
  {
    "description": "2x Kebab with Fries\n2x Tuna poke with Fries\nCheesecake",
    "food": true,
    "vip": false,
    "delivery": {
      "lat": 41.38865696593329,
      "lon": 2.181671019551736
    },
    "pickup": {
      "lat": 41.39237927921757,
      "lon": 2.175975745115539
    },
    "id": "order-f6083868f574"
  },
  {
    "description": "An adult flamingo",
    "food": true,
    "vip": false,
    "delivery": {
      "lat": 41.40288860396792,
      "lon": 2.1849304191281114
    },
    "pickup": {
      "lat": 41.40451175159103,
      "lon": 2.183810825467814
    },
    "id": "order-d3e5c585fd53"
  },
  {
    "description": "2x Pizza with Salad\n2x Kebab with Fries\n1x Hot dog with Fries\n2x Pizza with Fries",
    "food": true,
    "vip": false,
    "delivery": {
      "lat": 41.38734841270454,
      "lon": 2.1615831643251933
    },
    "pickup": {
      "lat": 41.37875623540287,
      "lon": 2.1625973160112544
    },
    "id": "order-ce45afefd190"
  },
  {
    "description": "1x Tuna poke with Fries\n1x Pizza with Fries\n1x Pork bao with Salad",
    "food": true,
    "vip": false,
    "delivery": {
      "lat": 41.396005198928755,
      "lon": 2.164393631082267
    },
    "pickup": {
      "lat": 41.391422726369896,
      "lon": 2.171773858008957
    },
    "id": "order-2ed7e05a3655"
  },
  {
    "description": "1x Burger with Fries\n1x Hot dog with Salad",
    "food": true,
    "vip": false,
    "delivery": {
      "lat": 41.39732195705732,
      "lon": 2.18691437315617
    },
    "pickup": {
      "lat": 41.404817900048826,
      "lon": 2.174026745375084
    },
    "id": "order-270d2e4ba566"
  },
  {
    "description": "1x Pizza with Fries",
    "food": true,
    "vip": false,
    "delivery": {
      "lat": 41.39827146860075,
      "lon": 2.161778320841154
    },
    "pickup": {
      "lat": 41.384635976665656,
      "lon": 2.185325210399008
    },
    "id": "order-8ee04962d41a"
  },
  {
    "description": "2x Hot dog with Fries\n2x Hot dog with Salad",
    "food": false,
    "vip": false,
    "delivery": {
      "lat": 41.38994468302969,
      "lon": 2.181487750214418
    },
    "pickup": {
      "lat": 41.39570763505958,
      "lon": 2.185002935282142
    },
    "id": "order-9a33229f814e"
  },
  {
    "description": "2x Kebab with Salad\n1x Hot dog with Salad\n2x Pork bao with Salad",
    "food": false,
    "vip": false,
    "delivery": {
      "lat": 41.396354830166565,
      "lon": 2.164339228377572
    },
    "pickup": {
      "lat": 41.39882353521381,
      "lon": 2.1790795661428013
    },
    "id": "order-18a47dcc6e80"
  },
  {
    "description": "1x Tuna poke with Fries\n2x Tuna poke with Fries\n2x Kebab with Salad",
    "food": true,
    "vip": false,
    "delivery": {
      "lat": 41.40293640852557,
      "lon": 2.1843690328013925
    },
    "pickup": {
      "lat": 41.40132336749104,
      "lon": 2.182976027609617
    },
    "id": "order-9e343c7ca610"
  },
  {
    "description": "1x Pork bao with Salad\n2x Hot dog with Salad\n1x Pork bao with Salad\n2x Hot dog with Fries",
    "food": true,
    "vip": false,
    "delivery": {
      "lat": 41.38711242196771,
      "lon": 2.1630517090320933
    },
    "pickup": {
      "lat": 41.38839453305308,
      "lon": 2.1831813628765864
    },
    "id": "order-9cf3263e7992"
  }
]